{
    "metrics": {
        "data_received": {
            "count": 23850,
            "rate": 4524.838632112254
        },
        "data_sent": {
            "count": 4850,
            "rate": 920.1453822115067
        },
        "http_req_blocked": {
            "avg": 0.7180620000000001,
            "max": 9.973,
            "med": 0,
            "min": 0,
            "p(90)": 1.9946,
            "p(95)": 2.9919
        },
        "http_req_connecting": {
            "avg": 0.43880600000000003,
            "max": 7.9787,
            "med": 0,
            "min": 0,
            "p(90)": 1.0969300000000013,
            "p(95)": 1.9946
        },
        "http_req_duration": {
            "avg": 4.544691999999999,
            "max": 13.9631,
            "med": 2.9922,
            "min": 1.9622,
            "p(90)": 11.07041,
            "p(95)": 12.93428
        },
        "http_req_receiving": {
            "avg": 0.159786,
            "max": 1.0033,
            "med": 0,
            "min": 0,
            "p(90)": 0.99744,
            "p(95)": 0.99834
        },
        "http_req_sending": {
            "avg": 0.29917,
            "max": 7.9784,
            "med": 0,
            "min": 0,
            "p(90)": 0,
            "p(95)": 1.5453149999999973
        },
        "http_req_tls_handshaking": {
            "avg": 0,
            "max": 0,
            "med": 0,
            "min": 0,
            "p(90)": 0,
            "p(95)": 0
        },
        "http_req_waiting": {
            "avg": 4.085736,
            "max": 13.9631,
            "med": 2.99005,
            "min": 1.9622,
            "p(90)": 10.172840000000003,
            "p(95)": 12.93428
        },
        "http_reqs": {
            "count": 50,
            "rate": 9.486034868159862
        },
        "iteration_duration": {
            "avg": 1032.1457920000003,
            "max": 1134.9647,
            "med": 1020.75385,
            "min": 1011.3025,
            "p(90)": 1075.02938,
            "p(95)": 1101.2059949999998
        },
        "iterations": {
            "count": 50,
            "rate": 9.486034868159862
        },
        "vus": {
            "max": 10,
            "min": 10,
            "value": 10
        },
        "vus_max": {
            "max": 10,
            "min": 10,
            "value": 10
        }
    },
    "root_group": {
        "name": "",
        "path": "",
        "id": "d41d8cd98f00b204e9800998ecf8427e",
        "groups": {},
        "checks": {}
    }
}
